shift_type,shift_level,raw_return,normalized_score,delta_vs_baseline
obs_noise,0.01,1561.8286676729263,47.96338143168757,2.3108041866090616
obs_noise,0.1,1032.8693224412877,31.505547354696574,-14.147029890381937
obs_noise,0.3,279.02947897704723,8.050869455157175,-37.601707789921335
