shift_type,shift_level,raw_return,normalized_score,delta_vs_baseline
gravity,0.5,418.1166543964895,12.378373404044032,-33.27420384103448
gravity,1.0,1385.8389834564873,42.4877072646534,-3.1648699804251095
gravity,2.0,351.8351244092239,10.31611581707991,-35.3364614279986
