step,return,length,time
50000,755.8920565237337,238.0,130.35340452194214
100000,1834.445106125419,556.5,259.0023500919342
150000,1674.4917765710459,514.6,384.23946166038513
200000,1687.879331252962,514.9,508.7536549568176
250000,1709.844404716306,524.5,631.4336619377136
300000,1715.7178836326468,526.7,755.8200175762177
