step,return,length,time
50000,5159.628238628978,1000.0,145.32910466194153
100000,5167.935015169095,1000.0,287.31098771095276
150000,5337.32536443871,1000.0,430.1312391757965
200000,5483.851969118338,1000.0,573.2696940898895
250000,5476.967656978732,1000.0,715.4912900924683
300000,5513.846390569886,1000.0,859.5551326274872
