step,return,length,time
50000,5088.475666167176,1000.0,133.0166220664978
100000,5327.828222055511,1000.0,260.255304813385
150000,5391.920602258886,1000.0,387.42294049263
200000,5446.158963416477,1000.0,513.7967901229858
250000,5470.77397379083,1000.0,641.2806489467621
300000,5506.446113331983,1000.0,768.2948575019836
