step,return,length,time
50000,3281.253754803705,903.1,136.8081784248352
100000,3593.4612279062917,961.1,271.91981315612793
150000,3404.4165879581037,903.0,404.8704876899719
200000,3453.664888272723,924.6,537.0941231250763
250000,3622.135442860255,970.8,670.58970952034
300000,3347.8240116116117,909.8,799.6451864242554
