step,return,length,time
50000,2952.8510877928775,806.9,148.68511128425598
100000,3646.4916833783,1000.0,299.065908908844
150000,3519.8429126134215,953.5,450.52207112312317
200000,3715.887388321497,974.1,599.4239959716797
250000,3694.769032658585,1000.0,747.7403247356415
300000,3526.342223461727,941.8,896.836576461792
