step,return,length,time
50000,1354.2720928998076,418.8,134.12078022956848
100000,1594.8804329708964,484.2,264.5691478252411
150000,1528.9256397958495,469.7,395.0709481239319
200000,1732.5126566220802,531.7,526.3724362850189
250000,1477.1214357169392,458.2,657.4324040412903
300000,1520.6647760143944,469.0,787.7503790855408
